{"blocks":[{"x":1000,"y":10,"text":"Начало","width":160,"height":50,"type":"Начало / конец","isMenuBlock":false,"fontSize":14,"textHeight":14,"isBold":false,"isItalic":false,"textAlign":"center","labelsPosition":1},{"x":1005,"y":-50,"text":"Лаб 3. Задание 1","width":130,"height":20,"type":"Текст / комментарий","isMenuBlock":false,"fontSize":14,"textHeight":14,"isBold":false,"isItalic":false,"textAlign":"left","labelsPosition":1},{"x":1000,"y":80,"text":"Ввод x, x_end, x_step, a, b, c","width":240,"height":40,"type":"Ввод / вывод","isMenuBlock":false,"fontSize":14,"textHeight":14,"isBold":false,"isItalic":false,"textAlign":"center","labelsPosition":1},{"x":1010,"y":580,"text":"Конец","width":160,"height":50,"type":"Начало / конец","isMenuBlock":false,"fontSize":14,"textHeight":14,"isBold":false,"isItalic":false,"textAlign":"center","labelsPosition":1},{"x":1000,"y":220,"text":"x <= x_end","width":200,"height":40,"type":"Условие","isMenuBlock":false,"fontSize":14,"textHeight":14,"isBold":false,"isItalic":false,"textAlign":"center","labelsPosition":1},{"x":1280,"y":300,"text":"F = -a * (x * x) - b","width":180,"height":40,"type":"Блок","isMenuBlock":false,"fontSize":14,"textHeight":14,"isBold":false,"isItalic":false,"textAlign":"center","labelsPosition":1},{"x":1000,"y":150,"text":"F = 0","width":180,"height":40,"type":"Блок","isMenuBlock":false,"fontSize":14,"textHeight":14,"isBold":false,"isItalic":false,"textAlign":"center","labelsPosition":1},{"x":1000,"y":300,"text":"x < 5 && a != 0","width":180,"height":40,"type":"Условие","isMenuBlock":false,"fontSize":14,"textHeight":14,"isBold":false,"isItalic":false,"textAlign":"center","labelsPosition":1},{"x":1280,"y":410,"text":"F = (x - a) / x","width":180,"height":40,"type":"Блок","isMenuBlock":false,"fontSize":14,"textHeight":14,"isBold":false,"isItalic":false,"textAlign":"center","labelsPosition":1},{"x":1280,"y":510,"text":"F = -x / b","width":180,"height":40,"type":"Блок","isMenuBlock":false,"fontSize":14,"textHeight":14,"isBold":false,"isItalic":false,"textAlign":"center","labelsPosition":1},{"x":1010,"y":410,"text":"x > 5 && a == 0","width":160,"height":40,"type":"Условие","isMenuBlock":false,"fontSize":14,"textHeight":14,"isBold":false,"isItalic":false,"textAlign":"center","labelsPosition":1},{"x":1500,"y":410,"text":"Вывод x и F","width":120,"height":40,"type":"Ввод / вывод","isMenuBlock":false,"fontSize":14,"textHeight":14,"isBold":false,"isItalic":false,"textAlign":"center","labelsPosition":1},{"x":1650,"y":410,"text":"x += x_step","width":100,"height":40,"type":"Блок","isMenuBlock":false,"fontSize":14,"textHeight":14,"isBold":false,"isItalic":false,"textAlign":"center","labelsPosition":1}],"arrows":[{"startIndex":0,"endIndex":2,"startConnectorIndex":2,"endConnectorIndex":0,"nodes":[{"x":1000,"y":35},{"x":1000,"y":40},{"x":1000,"y":60}],"counts":[1,1,1]},{"startIndex":4,"endIndex":7,"startConnectorIndex":1,"endConnectorIndex":0,"nodes":[{"x":1100,"y":220},{"x":1120,"y":220},{"x":1120,"y":260},{"x":1000,"y":260},{"x":1000,"y":280}],"counts":[1,1,1,1,1]},{"startIndex":2,"endIndex":6,"startConnectorIndex":2,"endConnectorIndex":0,"nodes":[{"x":1000,"y":100},{"x":1000,"y":110},{"x":1000,"y":130}],"counts":[1,1,1]},{"startIndex":6,"endIndex":4,"startConnectorIndex":2,"endConnectorIndex":0,"nodes":[{"x":1000,"y":170},{"x":1000,"y":180},{"x":1000,"y":200}],"counts":[1,1,1]},{"startIndex":7,"endIndex":10,"startConnectorIndex":3,"endConnectorIndex":0,"nodes":[{"x":910,"y":300},{"x":890,"y":300},{"x":890,"y":370},{"x":1010,"y":370},{"x":1010,"y":390}],"counts":[1,1,1,1,1]},{"startIndex":9,"endIndex":11,"startConnectorIndex":1,"endConnectorIndex":3,"nodes":[{"x":1370,"y":510},{"x":1410,"y":510},{"x":1410,"y":410},{"x":1420,"y":410},{"x":1440,"y":410}],"counts":[1,1,1,1,1]},{"startIndex":10,"endIndex":8,"startConnectorIndex":1,"endConnectorIndex":3,"nodes":[{"x":1090,"y":410},{"x":1170,"y":410},{"x":1190,"y":410}],"counts":[1,1,1]},{"startIndex":8,"endIndex":11,"startConnectorIndex":1,"endConnectorIndex":3,"nodes":[{"x":1370,"y":410},{"x":1420,"y":410},{"x":1440,"y":410}],"counts":[1,1,1]},{"startIndex":7,"endIndex":5,"startConnectorIndex":1,"endConnectorIndex":3,"nodes":[{"x":1090,"y":300},{"x":1170,"y":300},{"x":1190,"y":300}],"counts":[1,1,1]},{"startIndex":5,"endIndex":11,"startConnectorIndex":1,"endConnectorIndex":3,"nodes":[{"x":1370,"y":300},{"x":1410,"y":300},{"x":1410,"y":410},{"x":1420,"y":410},{"x":1440,"y":410}],"counts":[1,1,1,1,1]},{"startIndex":11,"endIndex":12,"startConnectorIndex":1,"endConnectorIndex":3,"nodes":[{"x":1560,"y":410},{"x":1580,"y":410},{"x":1600,"y":410}],"counts":[1,1,1]},{"startIndex":12,"endIndex":6,"startConnectorIndex":1,"endConnectorIndex":1,"nodes":[{"x":1700,"y":410},{"x":1720,"y":410},{"x":1720,"y":150},{"x":1110,"y":150},{"x":1090,"y":150}],"counts":[1,1,1,1,1]},{"startIndex":4,"endIndex":3,"startConnectorIndex":3,"endConnectorIndex":3,"nodes":[{"x":900,"y":220},{"x":780,"y":220},{"x":780,"y":580},{"x":910,"y":580},{"x":930,"y":580}],"counts":[1,1,1,1,1]},{"startIndex":10,"endIndex":9,"startConnectorIndex":3,"endConnectorIndex":3,"nodes":[{"x":930,"y":410},{"x":890,"y":410},{"x":890,"y":510},{"x":1170,"y":510},{"x":1190,"y":510}],"counts":[1,1,1,1,1]}],"x0":0,"y0":150}